{
  "name" : "contact",
  "title" : "Formulaire de contact",
  "description" : "Module permettant à vos visiteurs de vous contacter grâce aà un email envoyé automatiquement",
  "hidden" : false,
  "fields" : {
    "text" : {
      "type": "text",
      "value": "<h5 style=\"text-align:center;\"> Contactez nous :<\/h5><p style=\"text-align:left;\">Lorem ipsum dolor sit amet, cons ectetur adipisicing elit. Doloremque eveniet facilis odio repellendus sunt veritatis.\u00a0<br \/><\/p>"
    },
    "email" : {
      "type": "text",
      "value" : ""

    }
  }
}
