{
  "name" : "paralax",
  "title" : "paralax",
  "description" : "Module permettant d'afficher un texte court et percutant avec une image de fond qui se déplace de manière élégante",
  "hidden" : false,
  "fields" : {
    "text" : {
      "type": "text",
      "value": "<h5>Module permettant d'afficher un texte court et percutant avec une image de fond qui se déplace de manière élégante</h5>"
    },
    "imgUrl" : {
      "type": "text",
      "value" : "app/views/modules/paralax/background3.jpg"

    }
  }
}
