{
    "font": {
        "name": "Standard",
        "title": {
            "name": "Roboto",
            "local": "Roboto",
            "css1": "Roboto",
            "css2": "sans-serif"
        },
        "main": {
            "name": "Roboto",
            "local": "Roboto",
            "css1": "Roboto",
            "css2": "sans-serif"
        }
    },
    "theme": {
        "name": "Classic",
        "menu_background": "#FFFFFF",
        "main_background": "#FFFFFF",
        "main_color": "#444444",
        "contrasted_color": "#FFFFFF",
        "second_background": "#009688",
        "second_color": "#563529"
    },
    "params": {
        "title": "framasite",
        "titleSize": "medium",
        "favIcon": "",
        "siteLogo": "",
        "lang": "fr_FR",
        "description": "Site r\u00e9alis\u00e9 avec FramaSite",
        "keywords": "site, internet, CMS, framasite",
        "isPublished": "true"
    }
}