[
    {
        "id": "5a817f601749d",
        "module": "button",
        "fields": {
            "imgUrl": {
                "type": "text",
                "value": ""
            },
            "text": {
                "type": "text",
                "value": "<p style=\"text-align:center;\">Module Bouton<\/p>"
            },
            "btnLabel": {
                "type": "text",
                "value": "Cliquez ici !"
            },
            "btnValue": {
                "type": "text",
                "value": "https:\/\/framasoft.org\/"
            }
        }
    },
    {
        "id": "5a80fcdac9726",
        "module": "caroussel",
        "fields": {
            "text0": {
                "type": "text",
                "value": ""
            },
            "imgUrl0": {
                "type": "text",
                "value": "app\/views\/modules\/paralax\/background3.jpg"
            },
            "text1": {
                "type": "text",
                "value": ""
            },
            "imgUrl1": {
                "type": "text",
                "value": "app\/views\/modules\/paralax\/background3.jpg"
            },
            "text2": {
                "type": "text",
                "value": ""
            },
            "imgUrl2": {
                "type": "text",
                "value": "app\/views\/modules\/paralax\/background3.jpg"
            },
            "text3": {
                "type": "text",
                "value": ""
            },
            "imgUrl3": {
                "type": "text",
                "value": ""
            },
            "text4": {
                "type": "text",
                "value": ""
            },
            "imgUrl4": {
                "type": "text",
                "value": ""
            },
            "text5": {
                "type": "text",
                "value": ""
            },
            "imgUrl5": {
                "type": "text",
                "value": ""
            },
            "text6": {
                "type": "text",
                "value": ""
            },
            "imgUrl6": {
                "type": "text",
                "value": ""
            },
            "text7": {
                "type": "text",
                "value": ""
            },
            "imgUrl7": {
                "type": "text",
                "value": ""
            }
        }
    },
    {
        "id": "5a7ef515d5097",
        "module": "three_cards",
        "fields": {
            "imgUrl1": {
                "type": "text",
                "value": "app\/views\/modules\/three_cards\/img.jpg"
            },
            "content1": {
                "type": "text",
                "value": ""
            },
            "title1": {
                "type": "text",
                "value": "<p>qezdqsdsdzdz<\/p>"
            },
            "imgUrl2": {
                "type": "text",
                "value": "app\/views\/modules\/three_cards\/img.jpg"
            },
            "content2": {
                "type": "text",
                "value": "<p>Lorem ipsum dolor sit amet, consectetur adipisicing elit. Amet architecto assumenda consequuntur esse eum facere,<\/p>"
            },
            "title2": {
                "type": "text",
                "value": "<p>Titre de la carte<\/p>"
            },
            "imgUrl3": {
                "type": "text",
                "value": "app\/views\/modules\/three_cards\/img.jpg"
            },
            "content3": {
                "type": "text",
                "value": "<p>Lorem ipsum dolor sit amet, consectetur adipisicing elit.Lorem ipsum dolor sit amet, consectetur adipisicing elit.<\/p>"
            },
            "title3": {
                "type": "text",
                "value": "<p>Titre de la carte<\/p>"
            }
        }
    },
    {
        "id": "5a81b7bc91593",
        "module": "caroutext",
        "fields": {
            "imgUrl0": {
                "type": "text",
                "value": "app\/views\/modules\/gallery\/aquarelle_2.jpg"
            },
            "imgUrl1": {
                "type": "text",
                "value": "app\/views\/modules\/gallery\/aquarelle_10.jpg"
            },
            "imgUrl2": {
                "type": "text",
                "value": "app\/views\/modules\/gallery\/aquarelle_16.jpg"
            },
            "imgUrl3": {
                "type": "text",
                "value": "app\/views\/modules\/gallery\/aquarelle_17.jpg"
            },
            "title": {
                "type": "text",
                "value": "<h5>4 images et un texte<\/h5>"
            },
            "content": {
                "type": "text",
                "value": "<p>Lorem ipsum dolor sit amet, consectetur adipisicing elit. Amet architecto assumenda consequuntur esse eum facere, illum libero molestiae nam nihil nulla pariatur quo saepe sequi sint, vitae voluptates voluptatum. <\/p>\t\t\t\t<p>Lorem ipsum dolor sit amet, consectetur adipisicing elit. Amet architecto assumenda consequuntur esse eum facere, illum libero molestiae nam nihil nulla pariatur quo saepe sequi sint, vitae voluptates voluptatum. <\/p>\t\t\t\t<p>Lorem ipsum dolor sit amet, consectetur adipisicing elit. Amet architecto assumenda consequuntur esse eum facere, illum libero molestiae nam nihil nulla pariatur quo saepe sequi sint, vitae voluptates voluptatum.  Amet architecto assumenda consequuntur esse eum facere, illum libero molestiae nam nihil nulla pariatur quo saepe sequi sint, vitae voluptates voluptatum. Amet architecto assumenda consequuntur esse eum facere, illum libero molestiae nam nihil nulla pariatur quo saepe sequi sint, vitae voluptates voluptatum.<\/p>\t\t\t\t"
            }
        }
    },
    {
        "id": "5a81b74d6bcb0",
        "module": "text_focus",
        "fields": {
            "text": {
                "type": "text",
                "value": "<p>Lorem ipsum dolor sit amet, consectetur adipisicing elit. Amet architecto assumenda consequuntur esse eum facere, illum libero molestiae nam nihil nulla pariatur<p>"
            },
            "focus": {
                "type": "text",
                "value": "<h5>Texte mis en avant<\/h5><p>Lorem ipsum dolor sit amet, consectetur adipisicing elit. Amet architecto assumenda consequuntur esse eum facere, illum libero molestiae nam nihil nulla pariatur<p>"
            }
        }
    },
    {
        "id": "5a7ee2e2431d5",
        "module": "products",
        "fields": {
            "title": {
                "type": "text",
                "value": "<h4>Nos Produits<\/h4>"
            },
            "imgUrl1": {
                "type": "text",
                "value": "app\/views\/modules\/products\/products.jpg"
            },
            "content1": {
                "type": "text",
                "value": "<h5>Produit<\/h5><p>Lorem ipsum dolor sit amet, consectetur adipisicing elit. Amet architecto assumenda consequuntur esse eum facere, <\/p>"
            },
            "price1": {
                "type": "text",
                "value": "<h5>50\u20ac<\/h5>"
            },
            "imgUrl2": {
                "type": "text",
                "value": "app\/views\/modules\/products\/products.jpg"
            },
            "content2": {
                "type": "text",
                "value": "<h5>Produit<\/h5><p>Lorem ipsum dolor sit amet, consectetur adipisicing elit. Amet architecto assumenda consequuntur esse eum facere,<\/p>"
            },
            "price2": {
                "type": "text",
                "value": "<h5>50\u20ac<\/h5>"
            },
            "imgUrl3": {
                "type": "text",
                "value": "app\/views\/modules\/products\/products.jpg"
            },
            "content3": {
                "type": "text",
                "value": ""
            },
            "price3": {
                "type": "text",
                "value": "<h5>50\u20ac<\/h5>"
            }
        }
    },
    {
        "id": "5a7ede0e1262f",
        "module": "team",
        "fields": {
            "title": {
                "type": "text",
                "value": "<h4>Notre Equipe<\/h4>"
            },
            "imgUrl1": {
                "type": "text",
                "value": "app\/views\/modules\/photo_cv\/default-profile.png"
            },
            "content1": {
                "type": "text",
                "value": "<h5>Member Of Team<\/h5><p>Lorem ipsum dolor sit amet, consectetur adipisicing elit. Amet architecto assumenda consequuntur esse eum facere, <\/p>"
            },
            "imgUrl2": {
                "type": "text",
                "value": "app\/views\/modules\/photo_cv\/default-profile.png"
            },
            "content2": {
                "type": "text",
                "value": "<h5>Member Of Team<\/h5><p>Lorem ipsum dolor sit amet, consectetur adipisicing elit. Amet architecto assumenda consequuntur esse eum facere,<\/p>"
            },
            "imgUrl3": {
                "type": "text",
                "value": "app\/views\/modules\/photo_cv\/default-profile.png"
            },
            "content3": {
                "type": "text",
                "value": ""
            }
        }
    },
    {
        "id": "5a7ed768300de",
        "module": "three_goals",
        "fields": {
            "icon1": {
                "type": "text",
                "value": "pets"
            },
            "content1": {
                "type": "text",
                "value": "<h5>Cr\u00e9er un site web en moins d'une heure<\/h5><p>Lorem ipsum dolor sit amet, consectetur adipisicing elit. Amet architecto assumenda consequuntur esse eum facere, <\/p>"
            },
            "icon2": {
                "type": "text",
                "value": "group"
            },
            "content2": {
                "type": "text",
                "value": "<h5>D'une simplicit\u00e9 d\u00e9coiffante<\/h5><p>Lorem ipsum dolor sit amet, consectetur adipisicing elit. Amet architecto assumenda consequuntur esse eum facere,<\/p>"
            },
            "icon3": {
                "type": "text",
                "value": "settings"
            },
            "content3": {
                "type": "text",
                "value": ""
            }
        }
    },
    {
        "id": "5a7e27137a1ff",
        "module": "paralax",
        "fields": {
            "text": {
                "type": "text",
                "value": "<h5>Module permettant d'afficher un texte court et percutant avec une image de fond qui se d\u00e9place de mani\u00e8re \u00e9l\u00e9gante<\/h5>"
            },
            "imgUrl": {
                "type": "text",
                "value": "app\/views\/modules\/paralax\/background3.jpg"
            }
        }
    },
    {
        "id": "5a7cb447412a4",
        "module": "headband",
        "fields": {
            "title": {
                "type": "text",
                "value": "<p style=\"text-align:left;\"><b><i><u>jdsfsdhf<\/u><\/i><\/b><\/p>"
            }
        }
    },
    {
        "id": "5a7b5dbcb901e",
        "module": "photo_cv",
        "fields": {
            "imgUrl": {
                "type": "text",
                "value": "sites\/framasite\/medias\/5a7dc1a96062a.jpg"
            },
            "title": {
                "type": "text",
                "value": "<h5>Module de pr\u00e9sentation<\/h5>"
            },
            "content": {
                "type": "text",
                "value": "<p>Lorem ipsum dolor sit amet, consectetur\u00a0<a href=\"http:\/\/localhost:8000\/admin\"><span>http:\/\/localhost:8000\/admin<\/span><\/a> adi<a href=\"http:\/\/localhost:8000\/admin\">pisicing e<\/a>lit. Amet architecto asdsdssumenda consequuntur esse eum face<\/p><ul><li>re, illum libero moles<br \/><\/li><li>tiae nam nihil n<br \/><\/li><\/ul><p><br \/><\/p>"
            }
        }
    },
    {
        "id": "5a7b5e931daba",
        "module": "competences",
        "fields": {
            "label0": {
                "type": "text",
                "value": "<p>aquarelle<\/p>"
            },
            "value0": {
                "type": "text",
                "value": "4"
            },
            "label1": {
                "type": "text",
                "value": "<p>Lorem ipsum<\/p>"
            },
            "value1": {
                "type": "text",
                "value": "2"
            },
            "label2": {
                "type": "text",
                "value": "<p><a href=\"http:\/\/localhost:8000\/admin\">Lorem ipsum<\/a><\/p>"
            },
            "value2": {
                "type": "text",
                "value": "2"
            },
            "label3": {
                "type": "text",
                "value": "<p>Lorem ipsum<\/p>"
            },
            "value3": {
                "type": "text",
                "value": "4"
            },
            "label4": {
                "type": "text",
                "value": "<p>Lorem ipsum<\/p>"
            },
            "value4": {
                "type": "text",
                "value": "2"
            },
            "label5": {
                "type": "text",
                "value": "<p>Lorem ipsum<\/p>"
            },
            "value5": {
                "type": "text",
                "value": "3"
            },
            "label6": {
                "type": "text",
                "value": "<p>Lorem ipsum<\/p>"
            },
            "value6": {
                "type": "text",
                "value": "1"
            },
            "label7": {
                "type": "text",
                "value": "<p>Lorem ipsum<\/p>"
            },
            "value7": {
                "type": "text",
                "value": "2"
            },
            "label8": {
                "type": "text",
                "value": ""
            },
            "value8": {
                "type": "text",
                "value": "4"
            },
            "label9": {
                "type": "text",
                "value": ""
            },
            "value9": {
                "type": "text",
                "value": "2"
            },
            "label10": {
                "type": "text",
                "value": ""
            },
            "value10": {
                "type": "text",
                "value": "4"
            },
            "label11": {
                "type": "text",
                "value": ""
            },
            "value11": {
                "type": "text",
                "value": "0"
            }
        }
    },
    {
        "id": "5a7b5e0bbdcf7",
        "module": "long_text",
        "fields": {
            "title": {
                "type": "text",
                "value": "<h5>Section texte \u00e0 colonnes<\/h5>"
            },
            "content": {
                "type": "text",
                "value": "<p>Lorem ipsum dolor sit amet, consectetur adipisicing elit. Amet architecto assumenda consequuntur esse eum facere, illum libero molestiae nam nihil nulla pariatur quo<\/p><p>sffs<\/p><p>sfsffLorem ipsum dolor sit amet, consectetur adipisicing elit. Amet architecto assumenda consequuntur esse eum facere, illum libero molestiae nam nihil nulla pariatur quo saepe sequi sint, vitae voluptates voluptatum. In?Lorem ipsum dolor sit amet, consectetur adipisicing elit. Amet architecto assumenda consequuntur esse eum facere, illum libero molestiae nam nihil nulla pariatur quo saepe sequi sint, vitae voluptates voluptatum. In?Lorem ipsum dolor sit amet, consectetur adipisicing elit. Amet architecto assumenda consequuntur esse eum facere, illum libero molestiae nam nihil nulla pariatur quo saepe sequi sint, vitae voluptates voluptatum. In?<\/p><p>Lorem ipsum dolor sit amet, consectetur adipisicing elit. Amet architecto assumenda consequuntur esse eum facere, illum libero molestiae nam nihil nulla pariatur quo<\/p><p>Lorem ipsum dolor sit amet, consectetur adipisicing elit. Amet architecto assumenda consequuntur esse eum facere, illum libero molestiae nam nihil nulla pariatur quo saepe sequi sint, vitae voluptates voluptatum. In?Lorem ipsum dolor sit amet, consectetur adipisicing elit. Amet architecto assumenda consequuntur esse eum facere, illum libero molestiae nam nihil nulla pariatur quo saepe sequi sint, vitae voluptates voluptatum. In?Lorem ipsum dolor sit amet, consectetur adipisicing elit. Amet architecto assumenda consequuntur esse eum facere, illum libero molestiae nam nihil nulla pariatur quo saepe sequi sint, vitae voluptates voluptatum. In?<\/p>"
            }
        }
    },
    {
        "id": "5a7b5e2936c36",
        "module": "team",
        "fields": {
            "title": {
                "type": "text",
                "value": "<h4>Notre Equipe<\/h4>"
            },
            "imgUrl1": {
                "type": "text",
                "value": "app\/views\/modules\/photo_cv\/default-profile.png"
            },
            "content1": {
                "type": "text",
                "value": "<h5>Member Of Team<\/h5><p>Lorem ipsum dolor sit amet, consectetur adipisicing elit. Amet architecto assumenda consequuntur esse eum facere, <\/p>"
            },
            "imgUrl2": {
                "type": "text",
                "value": "app\/views\/modules\/photo_cv\/default-profile.png"
            },
            "content2": {
                "type": "text",
                "value": "<h5>Member Of Team<\/h5><p>Lorem ipsum dolor sit amet, consectetur adipisicing elit. Amet architecto assumenda consequuntur esse eum facere,<\/p>"
            },
            "imgUrl3": {
                "type": "text",
                "value": "app\/views\/modules\/photo_cv\/default-profile.png"
            },
            "content3": {
                "type": "text",
                "value": "<h5>Member Of Team<\/h5><p>Lorem ipsum dolor sit amet, consectetur adipisicing elit.Lorem ipsum dolor sit amet, consectetur adipisicing elit.<\/p>"
            }
        },
        "inMenuAs": "notre \u00e9quipe"
    },
    {
        "id": "5a7b5e4ab4f99",
        "module": "gallery",
        "fields": {
            "title": {
                "type": "text",
                "value": "<h5>Galerie<\/h5>"
            },
            "imgUrl0": {
                "type": "text",
                "value": "app\/views\/modules\/gallery\/aquarelle_2.jpg"
            },
            "imgUrl1": {
                "type": "text",
                "value": "app\/views\/modules\/gallery\/aquarelle_10.jpg"
            },
            "imgUrl2": {
                "type": "text",
                "value": "app\/views\/modules\/gallery\/aquarelle_13.jpg"
            },
            "imgUrl3": {
                "type": "text",
                "value": "app\/views\/modules\/gallery\/aquarelle_17.jpg"
            },
            "imgUrl4": {
                "type": "text",
                "value": "app\/views\/modules\/gallery\/aquarelle_16.jpg"
            },
            "imgUrl5": {
                "type": "text",
                "value": ""
            },
            "imgUrl6": {
                "type": "text",
                "value": "sites\/framasite\/medias\/5a7b5e60aa2a2.jpg"
            },
            "imgUrl7": {
                "type": "text",
                "value": "sites\/framasite\/medias\/5a7b5e5c8d4d3.jpg"
            },
            "imgUrl8": {
                "type": "text",
                "value": ""
            },
            "imgUrl9": {
                "type": "text",
                "value": ""
            },
            "imgUrl10": {
                "type": "text",
                "value": ""
            },
            "imgUrl11": {
                "type": "text",
                "value": ""
            },
            "imgUrl12": {
                "type": "text",
                "value": "sites\/framasite\/medias\/5a7b5e5c8d4d3.jpg"
            },
            "imgUrl13": {
                "type": "text",
                "value": "sites\/framasite\/medias\/5a7b5e589491b.jpg"
            },
            "imgUrl14": {
                "type": "text",
                "value": ""
            },
            "imgUrl15": {
                "type": "text",
                "value": ""
            },
            "imgUrl16": {
                "type": "text",
                "value": ""
            },
            "imgUrl17": {
                "type": "text",
                "value": ""
            },
            "imgUrl18": {
                "type": "text",
                "value": "sites\/framasite\/medias\/5a7b5e589491b.jpg"
            },
            "imgUrl19": {
                "type": "text",
                "value": "sites\/framasite\/medias\/5a7b5e589491b.jpg"
            },
            "imgUrl20": {
                "type": "text",
                "value": ""
            },
            "imgUrl21": {
                "type": "text",
                "value": ""
            },
            "imgUrl22": {
                "type": "text",
                "value": ""
            },
            "imgUrl23": {
                "type": "text",
                "value": ""
            },
            "imgUrl24": {
                "type": "text",
                "value": "sites\/framasite\/medias\/5a7b5e5c8d4d3.jpg"
            },
            "imgUrl25": {
                "type": "text",
                "value": ""
            },
            "imgUrl26": {
                "type": "text",
                "value": ""
            },
            "imgUrl27": {
                "type": "text",
                "value": ""
            },
            "imgUrl28": {
                "type": "text",
                "value": ""
            },
            "imgUrl29": {
                "type": "text",
                "value": ""
            }
        }
    },
    {
        "id": "5a7b5eb8a45e9",
        "module": "contact",
        "fields": {
            "text": {
                "type": "text",
                "value": "<h5 style=\"text-align:center;\"> Contactez nous :<\/h5><p style=\"text-align:center;\">Lorem ipsum dolor sit amet, cons ectetur adipisicing elit. Doloremque eveniet facilis odio repellendus sunt veritatis.\u00a0<br \/><\/p>"
            },
            "email": {
                "type": "text",
                "value": ""
            }
        },
        "inMenuAs": "contact"
    },
    {
        "id": "footer",
        "fields": {
            "rightText": {
                "type": "text",
                "value": ""
            },
            "leftText": {
                "type": "text",
                "value": ""
            }
        }
    }
]