{
  "name": "button",
  "title": "Module Bouton",
  "description": "Module permettant d'afficher un bouton avec un lien configurable, avec une image de fond optionnelle",
  "hidden" : false,
  "fields": {
    "imgUrl": {
      "type": "text",
      "value": ""
    },
    "text": {
      "type": "text",
      "value": "<p style=\"text-align:center;\">Module Bouton</ps>"
    },
    "btnLabel": {
      "type": "text",
      "value": "Cliquez ici !"
    },
    "btnValue": {
      "type": "text",
      "value": "https://framasoft.org/"
    }
  }
}