{
  "name": "caroutext",
  "title": "Images et texte",
  "description": "Module permettant d'afficher 4 images accompagnées d'un texte",
  "hidden" : false,
  "fields": {
    "imgUrl0": {
      "type": "text",
      "value": "app/views/modules/gallery/aquarelle_2.jpg"
    },
    "imgUrl1": {
      "type": "text",
      "value": "app/views/modules/gallery/aquarelle_10.jpg"
    },
    "imgUrl2": {
      "type": "text",
      "value": "app/views/modules/gallery/aquarelle_16.jpg"
    },
    "imgUrl3": {
      "type": "text",
      "value": "app/views/modules/gallery/aquarelle_17.jpg"
    },

    "title": {
      "type": "text",
      "value": "<h5>4 images et un texte</h5>"
    },
    "content": {
      "type": "text",
      "value": "<p>Lorem ipsum dolor sit amet, consectetur adipisicing elit. Amet architecto assumenda consequuntur esse eum facere, illum libero molestiae nam nihil nulla pariatur quo saepe sequi sint, vitae voluptates voluptatum. </p>\t\t\t\t<p>Lorem ipsum dolor sit amet, consectetur adipisicing elit. Amet architecto assumenda consequuntur esse eum facere, illum libero molestiae nam nihil nulla pariatur quo saepe sequi sint, vitae voluptates voluptatum. </p>\t\t\t\t<p>Lorem ipsum dolor sit amet, consectetur adipisicing elit. Amet architecto assumenda consequuntur esse eum facere, illum libero molestiae nam nihil nulla pariatur quo saepe sequi sint, vitae voluptates voluptatum.  Amet architecto assumenda consequuntur esse eum facere, illum libero molestiae nam nihil nulla pariatur quo saepe sequi sint, vitae voluptates voluptatum. Amet architecto assumenda consequuntur esse eum facere, illum libero molestiae nam nihil nulla pariatur quo saepe sequi sint, vitae voluptates voluptatum.</p>\t\t\t\t"
    }
  }
}