{
  "name": "three_goals",
  "title": "Trois objectifs",
  "description": "Module permettant d'afficher trois aspects de ce que vous souhaitez presenter à travers le site",
  "hidden" : false,
  "fields": {
    "icon1": {
      "type": "text",
      "value": "flash_on"
    },
    "content1": {
      "type": "text",
      "value": "<h5>Cr\u00e9er un site web en moins d'une heure</h5><h6>Lorem ipsum dolor sit amet, consectetur adipisicing elit. Amet architecto assumenda consequuntur esse eum facere, </h6>"
    },
    "icon2": {
      "type": "text",
      "value": "group"
    },
    "content2": {
      "type": "text",
      "value": "<h5>D'une simplicit\u00e9 d\u00e9coiffante</h5><h6>Lorem ipsum dolor sit amet, consectetur adipisicing elit. Amet architecto assumenda consequuntur esse eum facere,</h6>"
    },
    "icon3": {
      "type": "text",
      "value": "settings"
    },
    "content3": {
      "type": "text",
      "value": "<h5>Configuration simple et personnalis\u00e9e</h5><h6>Lorem ipsum dolor sit amet, consectetur adipisicing elit.Lorem ipsum dolor sit amet, consectetur adipisicing elit.</h6|"
    }
  }
}