{
  "name": "products",
  "title": "Nos Produits",
  "description": "Module permettant de presenter trois de vos produits",
  "hidden" : false,
  "fields": {
    "title": {
      "type": "text",
      "value": "<h4>Nos Produits</h4>"
    },
    "imgUrl1": {
      "type": "text",
      "value": "app/views/modules/products/products.jpg"
    },
    "content1": {
      "type": "text",
      "value": "<h5>Produit</h5><h6>Lorem ipsum dolor sit amet, consectetur adipisicing elit. Amet architecto assumenda consequuntur esse eum facere, </h6>"
    },
    "price1": {
      "type": "text",
      "value": "<h5>50€</h5>"
    },
    "imgUrl2": {
      "type": "text",
      "value": "app/views/modules/products/products.jpg"
    },
    "content2": {
      "type": "text",
      "value": "<h5>Produit</h5><h6>Lorem ipsum dolor sit amet, consectetur adipisicing elit. Amet architecto assumenda consequuntur esse eum facere,</h6>"
    },
    "price2": {
      "type": "text",
      "value": "<h5>50€</h5>"
    },
    "imgUrl3": {
      "type": "text",
      "value": "app/views/modules/products/products.jpg"
    },
    "content3": {
      "type": "text",
      "value": "<h5>Produit</h5><h6>Lorem ipsum dolor sit amet, consectetur adipisicing elit.Lorem ipsum dolor sit amet, consectetur adipisicing elit.</h6>"
    },
    "price3": {
      "type": "text",
      "value": "<h5>50€</h5>"
    }
  }
}