{
  "name": "text_section",
  "title": "Section texte",
  "description": "Module permettant d'afficher du contenu textuel",
  "hidden" : false,
  "fields": {
    "title": {
      "type": "text",
      "value": "<h5>PrettyNoëmie</h5>"
    },
    "content": {
      "type": "text",
      "value": "<p>Lorem ipsum dolor sit amet, consectetur adipisicing elit. Amet architecto assumenda consequuntur esse eum facere, illum libero molestiae nam nihil nulla pariatur quo saepe sequi sint, vitae voluptates voluptatum. In?Lorem ipsum dolor sit amet, consectetur adipisicing elit. Amet architecto assumenda consequuntur esse eum facere, illum libero molestiae nam nihil nulla pariatur quo saepe sequi sint, vitae voluptates voluptatum. In?Lorem ipsum dolor sit amet, consectetur adipisicing elit. Amet architecto assumenda consequuntur esse eum facere, illum libero molestiae nam nihil nulla pariatur quo saepe sequi sint, vitae voluptates voluptatum. In?\t\t\t\t</p>\t\t\t\t"
    }
  }
}